officer,total_rows,train_rows,val_rows,test_rows,train_start,train_end,val_start,val_end,test_start,test_end
EC-0001_Test_Officer,175,122,26,27,2026-07-05 10:34:21+00:00,2026-07-10 13:10:54+00:00,2026-07-10 13:10:57+00:00,2026-07-10 13:12:15+00:00,2026-07-10 13:12:18+00:00,2026-07-10 13:13:39+00:00
EC-0002_EC_tester_2,81,56,12,13,2026-08-22 15:48:27+00:00,2026-08-22 16:15:57+00:00,2026-08-22 16:16:27+00:00,2026-08-22 16:21:57+00:00,2026-08-22 16:22:27+00:00,2026-08-22 16:28:27+00:00
RA-0001_SP_Rajesh_Kumar,53,37,8,8,2026-07-05 17:36:08+00:00,2026-07-17 12:13:02+00:00,2026-07-17 12:13:32+00:00,2026-07-17 12:17:02+00:00,2026-07-17 12:17:32+00:00,2026-07-17 12:21:02+00:00
SD-B-002_PI_Neeta_Gupta,285,199,43,43,2026-08-11 08:38:35+00:00,2026-08-22 15:03:18+00:00,2026-08-22 15:03:48+00:00,2026-08-22 15:24:48+00:00,2026-08-22 15:25:19+00:00,2026-08-22 15:46:18+00:00
SD-M-001_PI_Aravind_Patel,51,35,8,8,2026-07-10 17:37:03+00:00,2026-07-10 18:11:20+00:00,2026-07-10 18:12:20+00:00,2026-07-10 18:19:24+00:00,2026-07-10 18:20:24+00:00,2026-07-10 18:27:27+00:00
SD-MG-002_PI_Shreya_Mistry,86,60,13,13,2026-08-10 16:56:16+00:00,2026-08-11 13:17:20+00:00,2026-08-11 13:17:50+00:00,2026-08-11 13:23:50+00:00,2026-08-11 13:24:21+00:00,2026-08-11 13:30:29+00:00
SO-0101_PSI_Kavita_Mistry,15622,10935,2343,2344,2026-07-14 16:34:50+00:00,2026-07-28 10:11:15+00:00,2026-07-28 10:11:45+00:00,2026-08-01 02:56:12+00:00,2026-08-01 02:56:42+00:00,2026-08-15 00:16:01+00:00
SO-0202_Head_Constable_Asha_Desai,1642,1149,246,247,2026-07-16 14:18:19+00:00,2026-07-24 13:01:46+00:00,2026-07-24 13:02:16+00:00,2026-07-25 22:52:17+00:00,2026-07-25 22:52:47+00:00,2026-07-27 09:33:44+00:00
SO-0301_Constable_Hitesh_Chaudhary,3031,2121,455,455,2026-07-14 16:58:16+00:00,2026-08-01 16:58:05+00:00,2026-08-01 16:58:35+00:00,2026-08-17 18:14:20+00:00,2026-08-17 18:14:50+00:00,2026-08-20 15:06:43+00:00
SO-0302_ASI_Meera_Jadeja,109,76,16,17,2026-07-14 17:18:13+00:00,2026-07-18 14:08:40+00:00,2026-07-18 14:09:10+00:00,2026-07-18 14:17:40+00:00,2026-07-18 14:18:10+00:00,2026-07-18 21:48:44+00:00
SO-0401_Head_Constable_Ramesh_Mehta,2149,1504,322,323,2026-07-15 18:05:00+00:00,2026-08-15 14:19:48+00:00,2026-08-15 14:20:18+00:00,2026-08-20 12:56:14+00:00,2026-08-20 12:56:44+00:00,2026-08-22 16:28:29+00:00
SO-0402_PSI_Kiran_Mistry,9228,6459,1384,1385,2026-07-15 00:39:30+00:00,2026-08-06 11:31:23+00:00,2026-08-06 11:31:53+00:00,2026-08-13 14:50:21+00:00,2026-08-13 14:50:51+00:00,2026-08-21 16:55:17+00:00
SO-0501_ASI_Nidhi_Vaghela,4963,3474,744,745,2026-07-14 16:47:02+00:00,2026-07-21 17:44:44+00:00,2026-07-21 17:45:14+00:00,2026-08-14 13:15:32+00:00,2026-08-14 13:16:02+00:00,2026-08-21 12:01:11+00:00
SO-0502_PI_Nilesh_Chauhan,1211,847,182,182,2026-07-23 12:15:35+00:00,2026-08-04 16:49:39+00:00,2026-08-04 16:50:08+00:00,2026-08-06 14:13:29+00:00,2026-08-06 14:13:59+00:00,2026-08-06 15:44:25+00:00
SO-0601_PSI_Chirag_Darji,3622,2535,543,544,2026-07-14 16:42:53+00:00,2026-07-20 22:21:03+00:00,2026-07-20 22:21:33+00:00,2026-07-24 22:13:38+00:00,2026-07-24 22:14:08+00:00,2026-07-25 15:27:59+00:00
SO-0602_Constable_Dinesh_Chaudhary,6081,4256,912,913,2026-07-17 18:30:31+00:00,2026-08-06 17:48:25+00:00,2026-08-06 17:48:53+00:00,2026-08-10 12:00:33+00:00,2026-08-10 12:01:03+00:00,2026-08-16 20:35:44+00:00
SO-0701_PI_Bharat_Rathod,14740,10318,2211,2211,2026-07-14 16:43:27+00:00,2026-08-03 09:16:11+00:00,2026-08-03 09:16:41+00:00,2026-08-07 11:14:04+00:00,2026-08-07 11:14:34+00:00,2026-08-21 16:14:31+00:00
SO-0801_Constable_Vijay_Raval,3129,2190,469,470,2026-07-14 17:16:23+00:00,2026-07-20 19:37:32+00:00,2026-07-20 19:38:02+00:00,2026-07-21 18:13:28+00:00,2026-07-21 18:13:58+00:00,2026-08-10 11:02:11+00:00
SO-0901_Head_Constable_Asha_Joshi,2337,1635,351,351,2026-07-14 16:51:57+00:00,2026-07-17 15:05:34+00:00,2026-07-17 15:06:04+00:00,2026-07-18 16:06:50+00:00,2026-07-18 16:07:20+00:00,2026-07-18 19:22:20+00:00
SO-0902_PSI_Kishore_Darji,1961,1372,294,295,2026-07-15 15:03:30+00:00,2026-07-23 13:58:05+00:00,2026-07-23 13:58:35+00:00,2026-07-25 16:33:54+00:00,2026-07-25 16:34:24+00:00,2026-08-01 17:34:12+00:00
SO-1001_ASI_Meera_Makwana,11000,7699,1651,1650,2026-07-14 16:47:58+00:00,2026-08-06 15:28:59+00:00,2026-08-06 15:29:29+00:00,2026-08-14 13:55:03+00:00,2026-08-14 13:55:33+00:00,2026-08-18 11:26:56+00:00
SO-1002_PI_Sunil_Rathod,1980,1386,297,297,2026-07-15 12:35:57+00:00,2026-07-16 16:08:45+00:00,2026-07-16 16:09:12+00:00,2026-07-17 20:58:07+00:00,2026-07-17 20:58:41+00:00,2026-07-18 19:13:51+00:00
SO-1201_PI_Nilesh_Thakor,8027,5618,1204,1205,2026-07-14 16:41:38+00:00,2026-08-11 13:13:42+00:00,2026-08-11 13:14:12+00:00,2026-08-16 17:09:26+00:00,2026-08-16 17:09:56+00:00,2026-08-21 14:53:25+00:00
SO-1202_Head_Constable_Vivek_Joshi,2404,1682,361,361,2026-07-14 16:45:54+00:00,2026-07-27 16:57:09+00:00,2026-07-27 16:57:38+00:00,2026-08-04 13:16:17+00:00,2026-08-04 13:16:47+00:00,2026-08-12 13:24:52+00:00
SO-1301_Constable_Dinesh_Panchal,2231,1561,335,335,2026-07-14 16:45:15+00:00,2026-08-03 15:01:39+00:00,2026-08-03 15:02:10+00:00,2026-08-10 16:37:56+00:00,2026-08-10 16:38:26+00:00,2026-08-21 15:58:05+00:00
SO-1302_ASI_Dipak_Makwana,1399,979,210,210,2026-07-14 15:11:12+00:00,2026-07-24 14:45:54+00:00,2026-07-24 14:46:24+00:00,2026-07-24 16:32:24+00:00,2026-07-24 16:32:54+00:00,2026-07-27 16:59:59+00:00
SO-1401_Head_Constable_Neha_Parmar,2861,2002,429,430,2026-07-14 16:45:42+00:00,2026-07-27 12:38:57+00:00,2026-07-27 12:39:27+00:00,2026-07-31 11:41:41+00:00,2026-07-31 11:42:11+00:00,2026-07-31 17:40:03+00:00
SO-1402_PSI_Pravin_Patel,110,77,16,17,2026-07-15 11:27:20+00:00,2026-07-25 11:20:52+00:00,2026-07-25 11:21:22+00:00,2026-07-25 11:30:05+00:00,2026-07-25 11:30:35+00:00,2026-07-25 11:38:35+00:00
SO-1603_ASI_Ajay_Makwana,90,62,14,14,2026-07-10 15:44:57+00:00,2026-07-10 18:05:59+00:00,2026-07-10 18:06:29+00:00,2026-07-14 16:07:26+00:00,2026-07-14 16:07:56+00:00,2026-08-21 14:39:22+00:00
