log_id,badge_id,officer_name,rank,user_id,timestamp,spo2,pulse,temperature,latitude,longitude,altitude,accel_x,accel_y,accel_z,barometer,gyro_x,gyro_y,gyro_z,mag_x,mag_y,mag_z,bat_v,ir,red,time_delta,lat_delta,lon_delta,approx_speed_kmh,heart_rate,skin_temperature,target
87743,SD-MG-002,PI Shreya Mistry,SUBDISTRICT_OFFICER,11,2026-08-10 16:56:16+00:00,88.0,71.0,,21.1640651,72.7836362,24.299999237060547,-0.761,0.235,-0.672,,0.0,0.0,0.0,,,,,0.0,0.0,0.0,0.0,0.0,0.0,71.0,36.5,0
87746,SD-MG-002,PI Shreya Mistry,SUBDISTRICT_OFFICER,11,2026-08-10 16:56:46+00:00,98.0,87.0,,21.1640642,72.7836322,24.299999237060547,-0.892,-0.013,-0.396,,0.0,0.0,0.0,,,,,0.0,0.0,30.0,-8.999999998593466e-07,-4.0000000041118255e-06,0.05,87.0,36.5,2
87748,SD-MG-002,PI Shreya Mistry,SUBDISTRICT_OFFICER,11,2026-08-10 16:57:16+00:00,87.0,88.0,,21.1640644,72.783634,24.299999237060547,-0.857,0.463,0.266,,0.0,0.0,0.0,,,,,0.0,0.0,30.0,2.0000000233721948e-07,1.8000000068241206e-06,0.02,88.0,36.5,0
87751,SD-MG-002,PI Shreya Mistry,SUBDISTRICT_OFFICER,11,2026-08-10 16:57:46+00:00,93.0,87.0,,21.164068,72.7836325,24.299999237060547,-0.194,-0.932,0.272,,0.0,0.0,0.0,,,,,0.0,0.0,30.0,3.5999999994373866e-06,-1.5000000104237188e-06,0.05,87.0,36.5,2
87754,SD-MG-002,PI Shreya Mistry,SUBDISTRICT_OFFICER,11,2026-08-10 16:58:16+00:00,85.0,86.0,,21.1640638,72.7836327,24.299999237060547,-0.277,-0.938,0.036,,0.0,0.0,0.0,,,,,0.0,0.0,30.0,-4.199999999343618e-06,2.0000000233721948e-07,0.06,86.0,36.5,0
87757,SD-MG-002,PI Shreya Mistry,SUBDISTRICT_OFFICER,11,2026-08-10 16:58:46+00:00,93.0,86.0,,21.1640679,72.7836331,24.299999237060547,-0.955,-0.003,-0.233,,0.0,0.0,0.0,,,,,0.0,0.0,30.0,4.099999998175008e-06,4.0000000467443897e-07,0.05,86.0,36.5,2
87759,SD-MG-002,PI Shreya Mistry,SUBDISTRICT_OFFICER,11,2026-08-10 16:59:16+00:00,88.0,87.0,,21.1640679,72.7836334,24.299999237060547,-0.955,-0.141,0.24,,0.0,0.0,0.0,,,,,0.0,0.0,30.0,0.0,2.999999964004019e-07,0.0,87.0,36.5,0
87761,SD-MG-002,PI Shreya Mistry,SUBDISTRICT_OFFICER,11,2026-08-10 16:59:46+00:00,84.0,88.0,,21.1640679,72.783634,24.299999237060547,-0.917,-0.25,0.201,,0.0,0.0,0.0,,,,,0.0,0.0,30.0,0.0,6.000000070116585e-07,0.01,88.0,36.5,0
87763,SD-MG-002,PI Shreya Mistry,SUBDISTRICT_OFFICER,11,2026-08-10 17:00:16+00:00,97.0,88.0,,21.1640677,72.7836352,24.299999237060547,-0.932,-0.333,-0.146,,0.0,0.0,0.0,,,,,0.0,0.0,30.0,-1.999999987845058e-07,1.1999999998124622e-06,0.02,88.0,36.5,2
87765,SD-MG-002,PI Shreya Mistry,SUBDISTRICT_OFFICER,11,2026-08-10 17:00:46+00:00,82.0,88.0,,21.1640706,72.7836333,24.299999237060547,-0.949,-0.248,-0.198,,0.0,0.0,0.0,,,,,0.0,0.0,30.0,2.8999999983625457e-06,-1.900000000887303e-06,0.05,88.0,36.5,0
87767,SD-MG-002,PI Shreya Mistry,SUBDISTRICT_OFFICER,11,2026-08-10 17:01:16+00:00,86.0,88.0,,21.1640663,72.7836333,24.299999237060547,-0.924,-0.236,-0.224,,0.0,0.0,0.0,,,,,0.0,0.0,30.0,-4.299999996959514e-06,0.0,0.06,88.0,36.5,0
87769,SD-MG-002,PI Shreya Mistry,SUBDISTRICT_OFFICER,11,2026-08-10 17:01:46+00:00,81.0,88.0,,21.1640693,72.7836335,24.299999237060547,-0.982,0.082,0.155,,0.0,0.0,0.0,,,,,0.0,0.0,30.0,2.9999999995311555e-06,1.9999998812636477e-07,0.04,88.0,36.5,0
87771,SD-MG-002,PI Shreya Mistry,SUBDISTRICT_OFFICER,11,2026-08-10 17:02:16+00:00,94.0,88.0,,21.1640664,72.7836322,24.299999237060547,-0.325,-0.903,-0.187,,0.0,0.0,0.0,,,,,0.0,0.0,30.0,-2.900000001915259e-06,-1.2999999938756446e-06,0.04,88.0,36.5,2
87772,SD-MG-002,PI Shreya Mistry,SUBDISTRICT_OFFICER,11,2026-08-10 17:02:46+00:00,84.0,84.0,,21.1640651,72.7836345,24.299999237060547,-0.205,-0.962,0.058,,0.0,0.0,0.0,,,,,0.0,0.0,30.0,-1.300000000981072e-06,2.300000005561742e-06,0.03,84.0,36.5,0
87774,SD-MG-002,PI Shreya Mistry,SUBDISTRICT_OFFICER,11,2026-08-10 17:03:16+00:00,85.0,88.0,,21.1640693,72.7836343,24.200000762939453,0.088,-0.825,0.563,,0.0,0.0,0.0,,,,,0.0,0.0,30.0,4.200000002896331e-06,-2.0000000233721948e-07,0.06,88.0,36.5,0
87776,SD-MG-002,PI Shreya Mistry,SUBDISTRICT_OFFICER,11,2026-08-10 17:03:46+00:00,81.0,88.0,,21.1640646,72.7836344,24.299999237060547,-0.288,-0.942,0.153,,0.0,0.0,0.0,,,,,0.0,0.0,30.0,-4.700000001633953e-06,9.999999406318238e-08,0.06,88.0,36.5,0
87778,SD-MG-002,PI Shreya Mistry,SUBDISTRICT_OFFICER,11,2026-08-10 17:04:16+00:00,93.0,87.0,,21.1640672,72.7836335,24.299999237060547,-0.454,-0.826,-0.312,,0.0,0.0,0.0,,,,,0.0,0.0,30.0,2.600000001962144e-06,-9.000000034120603e-07,0.04,87.0,36.5,2
87780,SD-MG-002,PI Shreya Mistry,SUBDISTRICT_OFFICER,11,2026-08-10 17:04:46+00:00,95.0,82.0,,21.1640658,72.7836338,24.299999237060547,-0.594,0.307,0.806,,0.0,0.0,0.0,,,,,0.0,0.0,30.0,-1.4000000021496817e-06,3.000000106112566e-07,0.02,82.0,36.5,2
87782,SD-MG-002,PI Shreya Mistry,SUBDISTRICT_OFFICER,11,2026-08-10 17:05:16+00:00,87.0,88.0,,21.1640664,72.7836322,24.299999237060547,-0.957,-0.244,-0.019,,0.0,0.0,0.0,,,,,0.0,0.0,30.0,5.999999999062311e-07,-1.6000000044869012e-06,0.02,88.0,36.5,0
87784,SD-MG-002,PI Shreya Mistry,SUBDISTRICT_OFFICER,11,2026-08-10 17:05:46+00:00,81.0,84.0,,21.1640635,72.7836333,24.299999237060547,-0.93,-0.281,-0.173,,0.0,0.0,0.0,,,,,0.0,0.0,30.0,-2.8999999983625457e-06,1.1000000057492798e-06,0.04,84.0,36.5,0
87786,SD-MG-002,PI Shreya Mistry,SUBDISTRICT_OFFICER,11,2026-08-10 17:06:17+00:00,82.0,86.0,,21.1640666,72.7836338,24.299999237060547,-0.714,-0.667,-0.11,,0.0,0.0,0.0,,,,,0.0,0.0,31.0,3.1000000006997652e-06,4.999999987376214e-07,0.04,86.0,36.5,0
88312,SD-MG-002,PI Shreya Mistry,SUBDISTRICT_OFFICER,11,2026-08-11 12:58:21+00:00,97.0,86.0,,21.1640645,72.7836304,24.299999237060547,0.484,-0.585,0.644,,0.0,0.0,0.0,,,,,0.0,0.0,71524.0,-2.1000000032245225e-06,-3.399999997100167e-06,0.0,86.0,36.5,2
88314,SD-MG-002,PI Shreya Mistry,SUBDISTRICT_OFFICER,11,2026-08-11 12:58:51+00:00,86.0,87.0,,21.1640637,72.7836295,24.299999237060547,0.878,-0.125,-0.53,,0.0,0.0,0.0,,,,,0.0,0.0,30.0,-7.999999986907369e-07,-9.000000034120603e-07,0.02,87.0,36.5,0
88316,SD-MG-002,PI Shreya Mistry,SUBDISTRICT_OFFICER,11,2026-08-11 12:59:22+00:00,85.0,87.0,,21.1640669,72.7836347,24.299999237060547,0.91,-0.398,0.194,,0.0,0.0,0.0,,,,,0.0,0.0,31.0,3.200000001868375e-06,5.199999989713433e-06,0.07,87.0,36.5,0
88318,SD-MG-002,PI Shreya Mistry,SUBDISTRICT_OFFICER,11,2026-08-11 12:59:51+00:00,99.0,88.0,,21.1640639,72.7836332,24.299999237060547,0.925,-0.37,0.197,,0.0,0.0,0.0,,,,,0.0,0.0,29.0,-3.000000003083869e-06,-1.499999996212864e-06,0.05,88.0,36.5,2
88320,SD-MG-002,PI Shreya Mistry,SUBDISTRICT_OFFICER,11,2026-08-11 13:00:21+00:00,100.0,88.0,,21.1640656,72.783634,24.299999237060547,0.68,0.054,-0.757,,0.0,0.0,0.0,,,,,0.0,0.0,30.0,1.7000000021027972e-06,8.000000093488779e-07,0.02,88.0,36.5,2
88322,SD-MG-002,PI Shreya Mistry,SUBDISTRICT_OFFICER,11,2026-08-11 13:00:51+00:00,81.0,85.0,,21.1640656,72.783634,24.299999237060547,0.875,-0.164,-0.565,,0.0,0.0,0.0,,,,,0.0,0.0,30.0,0.0,0.0,0.0,85.0,36.5,0
88324,SD-MG-002,PI Shreya Mistry,SUBDISTRICT_OFFICER,11,2026-08-11 13:01:21+00:00,93.0,86.0,,21.1640666,72.7836338,24.299999237060547,0.854,-0.15,0.229,,0.0,0.0,0.0,,,,,0.0,0.0,30.0,1.0000000010279564e-06,-2.0000000233721948e-07,0.01,86.0,36.5,2
88326,SD-MG-002,PI Shreya Mistry,SUBDISTRICT_OFFICER,11,2026-08-11 13:01:51+00:00,83.0,88.0,,21.1640656,72.783634,24.299999237060547,1.001,-0.108,-0.13,,0.0,0.0,0.0,,,,,0.0,0.0,30.0,-1.0000000010279564e-06,2.0000000233721948e-07,0.01,88.0,36.5,0
88328,SD-MG-002,PI Shreya Mistry,SUBDISTRICT_OFFICER,11,2026-08-11 13:02:21+00:00,91.0,88.0,,21.1640663,72.7836259,24.299999237060547,0.99,-0.14,-0.248,,0.0,0.0,0.0,,,,,0.0,0.0,30.0,7.000000010748408e-07,-8.100000002286833e-06,0.1,88.0,36.5,2
88330,SD-MG-002,PI Shreya Mistry,SUBDISTRICT_OFFICER,11,2026-08-11 13:02:51+00:00,86.0,88.0,,21.1640656,72.7836335,24.299999237060547,1.015,0.085,0.075,,0.0,0.0,0.0,,,,,0.0,0.0,30.0,-7.000000010748408e-07,7.599999989338357e-06,0.09,88.0,36.5,0
88332,SD-MG-002,PI Shreya Mistry,SUBDISTRICT_OFFICER,11,2026-08-11 13:03:21+00:00,88.0,87.0,,21.1640673,72.7836332,24.299999237060547,0.081,0.785,-0.418,,0.0,0.0,0.0,,,,,0.0,0.0,30.0,1.6999999985500835e-06,-2.999999964004019e-07,0.02,87.0,36.5,0
88334,SD-MG-002,PI Shreya Mistry,SUBDISTRICT_OFFICER,11,2026-08-11 13:03:51+00:00,89.0,88.0,,21.1640625,72.7836393,24.200000762939453,0.96,-0.187,-0.348,,0.0,0.0,0.0,,,,,0.0,0.0,30.0,-4.799999999249849e-06,6.100000007336348e-06,0.1,88.0,36.5,0
88336,SD-MG-002,PI Shreya Mistry,SUBDISTRICT_OFFICER,11,2026-08-11 13:04:20+00:00,82.0,87.0,,21.1640081,72.7835967,24.200000762939453,0.955,-0.233,-0.173,,0.0,0.0,0.0,,,,,0.0,0.0,29.0,-5.439999999978795e-05,-4.2600000000447835e-05,0.93,87.0,36.5,0
88338,SD-MG-002,PI Shreya Mistry,SUBDISTRICT_OFFICER,11,2026-08-11 13:04:50+00:00,85.0,88.0,,21.1640647,72.783627,24.299999237060547,0.914,0.114,-0.457,,0.0,0.0,0.0,,,,,0.0,0.0,30.0,5.660000000062837e-05,3.0299999991711957e-05,0.84,88.0,36.5,0
88340,SD-MG-002,PI Shreya Mistry,SUBDISTRICT_OFFICER,11,2026-08-11 13:05:20+00:00,92.0,88.0,,21.1640413,72.7836237,24.299999237060547,0.812,-0.337,0.358,,0.0,0.0,0.0,,,,,0.0,0.0,30.0,-2.3399999999895726e-05,-3.29999998882613e-06,0.31,88.0,36.5,2
88342,SD-MG-002,PI Shreya Mistry,SUBDISTRICT_OFFICER,11,2026-08-11 13:05:50+00:00,89.0,87.0,,21.1640619,72.7836286,24.299999237060547,0.794,-0.395,-0.547,,0.0,0.0,0.0,,,,,0.0,0.0,30.0,2.0599999999149077e-05,4.899999993313031e-06,0.28,87.0,36.5,0
88344,SD-MG-002,PI Shreya Mistry,SUBDISTRICT_OFFICER,11,2026-08-11 13:06:20+00:00,84.0,88.0,,21.1640637,72.783633,24.299999237060547,0.442,-0.189,-0.768,,0.0,0.0,0.0,,,,,0.0,0.0,30.0,1.7999999997186933e-06,4.39999999457541e-06,0.06,88.0,36.5,0
88346,SD-MG-002,PI Shreya Mistry,SUBDISTRICT_OFFICER,11,2026-08-11 13:06:50+00:00,83.0,88.0,,21.164062,72.7836215,24.299999237060547,0.859,-0.377,-0.459,,0.0,0.0,0.0,,,,,0.0,0.0,30.0,-1.6999999985500835e-06,-1.1499999999387e-05,0.14,88.0,36.5,0
88348,SD-MG-002,PI Shreya Mistry,SUBDISTRICT_OFFICER,11,2026-08-11 13:07:20+00:00,88.0,88.0,,21.1640344,72.7836307,24.200000762939453,0.829,-0.327,-0.535,,0.0,0.0,0.0,,,,,0.0,0.0,30.0,-2.7600000002792054e-05,9.200000008036112e-06,0.38,88.0,36.5,0
88350,SD-MG-002,PI Shreya Mistry,SUBDISTRICT_OFFICER,11,2026-08-11 13:07:50+00:00,97.0,88.0,,21.1640629,72.7836285,24.299999237060547,0.902,-0.351,-0.344,,0.0,0.0,0.0,,,,,0.0,0.0,30.0,2.8500000002651404e-05,-2.199999997287705e-06,0.38,88.0,36.5,2
88352,SD-MG-002,PI Shreya Mistry,SUBDISTRICT_OFFICER,11,2026-08-11 13:08:20+00:00,84.0,88.0,,21.1640634,72.7836339,24.299999237060547,0.839,-0.347,-0.41,,0.0,0.0,0.0,,,,,0.0,0.0,30.0,4.999999987376214e-07,5.3999999920506525e-06,0.07,88.0,36.5,0
88354,SD-MG-002,PI Shreya Mistry,SUBDISTRICT_OFFICER,11,2026-08-11 13:08:50+00:00,87.0,88.0,,21.1640597,72.7836198,24.200000762939453,0.864,-0.4,-0.252,,0.0,0.0,0.0,,,,,0.0,0.0,30.0,-3.700000000605996e-06,-1.4100000001349144e-05,0.18,88.0,36.5,0
88356,SD-MG-002,PI Shreya Mistry,SUBDISTRICT_OFFICER,11,2026-08-11 13:09:20+00:00,86.0,88.0,,21.1640637,72.7836331,24.299999237060547,0.902,-0.379,-0.239,,0.0,0.0,0.0,,,,,0.0,0.0,30.0,4.000000000559112e-06,1.330000000621112e-05,0.17,88.0,36.5,0
88358,SD-MG-002,PI Shreya Mistry,SUBDISTRICT_OFFICER,11,2026-08-11 13:09:50+00:00,86.0,86.0,,21.1640615,72.7836204,24.299999237060547,0.914,-0.451,-0.078,,0.0,0.0,0.0,,,,,0.0,0.0,30.0,-2.2000000008404186e-06,-1.2699999999199464e-05,0.16,86.0,36.5,0
88360,SD-MG-002,PI Shreya Mistry,SUBDISTRICT_OFFICER,11,2026-08-11 13:10:20+00:00,95.0,83.0,,21.1640644,72.7836336,24.299999237060547,0.889,-0.463,-0.208,,0.0,0.0,0.0,,,,,0.0,0.0,30.0,2.900000001915259e-06,1.3199999997937084e-05,0.17,83.0,36.5,2
88362,SD-MG-002,PI Shreya Mistry,SUBDISTRICT_OFFICER,11,2026-08-11 13:10:50+00:00,98.0,87.0,,21.1640627,72.7836303,24.299999237060547,0.745,-0.248,-0.596,,0.0,0.0,0.0,,,,,0.0,0.0,30.0,-1.7000000021027972e-06,-3.3000000030369847e-06,0.05,87.0,36.5,2
88364,SD-MG-002,PI Shreya Mistry,SUBDISTRICT_OFFICER,11,2026-08-11 13:11:20+00:00,100.0,88.0,,21.1640636,72.7836334,24.299999237060547,0.547,-0.839,0.251,,0.0,0.0,0.0,,,,,0.0,0.0,30.0,8.999999998593466e-07,3.1000000006997652e-06,0.04,88.0,36.5,2
88366,SD-MG-002,PI Shreya Mistry,SUBDISTRICT_OFFICER,11,2026-08-11 13:11:50+00:00,95.0,88.0,,21.1640521,72.7836377,24.299999237060547,0.706,-0.014,-0.788,,0.0,0.0,0.0,,,,,0.0,0.0,30.0,-1.1499999999387e-05,4.300000000512227e-06,0.16,88.0,36.5,2
88368,SD-MG-002,PI Shreya Mistry,SUBDISTRICT_OFFICER,11,2026-08-11 13:12:20+00:00,81.0,88.0,,21.164063,72.7836365,24.299999237060547,0.934,0.071,0.107,,0.0,0.0,0.0,,,,,0.0,0.0,30.0,1.089999999948077e-05,-1.1999999998124622e-06,0.15,88.0,36.5,0
88370,SD-MG-002,PI Shreya Mistry,SUBDISTRICT_OFFICER,11,2026-08-11 13:12:50+00:00,89.0,88.0,,21.1640638,72.7836311,24.299999237060547,0.703,-0.072,-0.747,,0.0,0.0,0.0,,,,,0.0,0.0,30.0,8.000000022434506e-07,-5.400000006261507e-06,0.07,88.0,36.5,0
88372,SD-MG-002,PI Shreya Mistry,SUBDISTRICT_OFFICER,11,2026-08-11 13:13:20+00:00,91.0,86.0,,21.164066,72.7836247,24.200000762939453,0.782,-0.174,-0.692,,0.0,0.0,0.0,,,,,0.0,0.0,30.0,2.199999997287705e-06,-6.399999989525895e-06,0.08,86.0,36.5,2
88374,SD-MG-002,PI Shreya Mistry,SUBDISTRICT_OFFICER,11,2026-08-11 13:13:50+00:00,97.0,88.0,,21.1640635,72.7836311,24.299999237060547,0.955,-0.168,-0.531,,0.0,0.0,0.0,,,,,0.0,0.0,30.0,-2.4999999972408204e-06,6.399999989525895e-06,0.09,88.0,36.5,2
88376,SD-MG-002,PI Shreya Mistry,SUBDISTRICT_OFFICER,11,2026-08-11 13:14:20+00:00,100.0,89.0,,21.1640168,72.7836364,24.299999237060547,0.699,-0.306,-0.738,,0.0,0.0,0.0,,,,,0.0,0.0,30.0,-4.670000000217556e-05,5.300000012198325e-06,0.63,89.0,36.5,2
88378,SD-MG-002,PI Shreya Mistry,SUBDISTRICT_OFFICER,11,2026-08-11 13:14:50+00:00,92.0,86.0,,21.1640622,72.7836267,24.299999237060547,0.678,-0.229,-0.766,,0.0,0.0,0.0,,,,,0.0,0.0,30.0,4.5400000001194485e-05,-9.700000006773736e-06,0.62,86.0,36.5,2
88380,SD-MG-002,PI Shreya Mistry,SUBDISTRICT_OFFICER,11,2026-08-11 13:15:20+00:00,90.0,88.0,,21.1640641,72.7836252,24.299999237060547,0.915,-0.235,-0.383,,0.0,0.0,0.0,,,,,0.0,0.0,30.0,1.900000000887303e-06,-1.499999996212864e-06,0.03,88.0,36.5,0
88382,SD-MG-002,PI Shreya Mistry,SUBDISTRICT_OFFICER,11,2026-08-11 13:15:50+00:00,96.0,86.0,,21.1640692,72.7836339,24.299999237060547,0.85,-0.257,-0.492,,0.0,0.0,0.0,,,,,0.0,0.0,30.0,5.099999999202964e-06,8.699999995087637e-06,0.13,86.0,36.5,2
88384,SD-MG-002,PI Shreya Mistry,SUBDISTRICT_OFFICER,11,2026-08-11 13:16:20+00:00,83.0,88.0,,21.1640661,72.7836348,24.299999237060547,0.714,-0.25,-0.677,,0.0,0.0,0.0,,,,,0.0,0.0,30.0,-3.1000000006997652e-06,9.000000034120603e-07,0.04,88.0,36.5,0
88386,SD-MG-002,PI Shreya Mistry,SUBDISTRICT_OFFICER,11,2026-08-11 13:16:50+00:00,97.0,86.0,,21.1640683,72.7836355,24.299999237060547,0.811,-0.113,-0.565,,0.0,0.0,0.0,,,,,0.0,0.0,30.0,2.2000000008404186e-06,7.000000010748408e-07,0.03,86.0,36.5,2
88388,SD-MG-002,PI Shreya Mistry,SUBDISTRICT_OFFICER,11,2026-08-11 13:17:20+00:00,85.0,88.0,,21.1640628,72.7836318,24.299999237060547,0.939,-0.122,-0.392,,0.0,0.0,0.0,,,,,0.0,0.0,30.0,-5.50000000032469e-06,-3.700000007711424e-06,0.09,88.0,36.5,0
